"","Df","SumsOfSqs","MeanSqs","F.Model","R2","Pr(>F)"
"System",4,3.21441722539403,0.803604306348508,3.85469596360007,0.318942871724429,0.001
"WormSex",1,0.192759199998613,0.192759199998613,0.924619373380009,0.0191260712247226,0.451
"Residuals",32,6.67117148692981,0.208474108966557,NA,0.661931057050848,NA
"Total",37,10.0783479123225,NA,NA,1,NA
