"","Df","SumsOfSqs","MeanSqs","F.Model","R2","Pr(>F)"
"System",3,1.21471856049181,0.404906186830605,1.99892872043248,0.240367622921491,0.008
"WormSex",1,0.192759199998613,0.192759199998613,0.951607837906449,0.0381430499268536,0.419
"Residuals",18,3.64610868234162,0.202561593463423,NA,0.721489327151655,NA
"Total",22,5.05358644283204,NA,NA,1,NA
