"","Df","SumsOfSqs","MeanSqs","F.Model","R2","Pr(>F)"
"System",8,2.36231895756117,0.295289869695146,1.59635805748785,0.210776850566094,0.013
"DPI",4,4.03595088040171,1.00898772010043,5.45465944548483,0.360105909021179,0.001
"Residuals",26,4.80940762384835,0.184977216301859,NA,0.429117240412727,NA
"Total",38,11.2076774618112,NA,NA,1,NA
